Workbook
Name value_rencana: ref_activity!$I$2:$L$6

Sheet data
A1: Tanggal | B1: jam mulai | C1: jam akhir | D1: Aktivitas | E1: Catatan | F1: IDE_BK | G1: output | H1: satuan | I1: Opt | J1: Minggu
A2: 13/04/2026 | B2: 07:24 | C2: 08:00 | D2: Mengikuti Apel pagi/sore | E2: Isi Catatan | F2: =VLOOKUP(Table1[[#This Row],[Aktivitas]],ref_activity!$A$2:$B$31,2,FALSE) -> 4802 | G2: 1 | H2: =VLOOKUP(Table1[[#This Row],[Aktivitas]],ref_activity!$A$2:$C$31,3,FALSE) -> Kegiatan
A3: 13/04/2026 | B3: 08:01 | C3: 09:00 | D3: Rapat koordinasi | E3: Isi Catatan | F3: =VLOOKUP(Table1[[#This Row],[Aktivitas]],ref_activity!$A$2:$B$31,2,FALSE) -> 5410 | G3: 1 | H3: =VLOOKUP(Table1[[#This Row],[Aktivitas]],ref_activity!$A$2:$C$31,3,FALSE) -> Kegiatan
A4: 13/04/2026 | B4: 09:01 | C4: 12:00 | D4: Rapat koordinasi | E4: Isi Catatan | F4: =VLOOKUP(Table1[[#This Row],[Aktivitas]],ref_activity!$A$2:$B$31,2,FALSE) -> 5410 | G4: 1 | H4: =VLOOKUP(Table1[[#This Row],[Aktivitas]],ref_activity!$A$2:$C$31,3,FALSE) -> Kegiatan
A5: 13/04/2026 | B5: 13:00 | C5: 15:00 | D5: Rapat koordinasi | E5: Isi Catatan | F5: =VLOOKUP(Table1[[#This Row],[Aktivitas]],ref_activity!$A$2:$B$31,2,FALSE) -> 5410 | G5: 1 | H5: =VLOOKUP(Table1[[#This Row],[Aktivitas]],ref_activity!$A$2:$C$31,3,FALSE) -> Kegiatan
A6: 13/04/2026 | B6: 15:01 | C6: 16:51 | D6: Memverifikasi dan memparaf surat | E6: Isi Catatan | F6: =VLOOKUP(Table1[[#This Row],[Aktivitas]],ref_activity!$A$2:$B$31,2,FALSE) -> 4745 | G6: 1 | H6: =VLOOKUP(Table1[[#This Row],[Aktivitas]],ref_activity!$A$2:$C$31,3,FALSE) -> Kegiatan
A7: 14/04/2026 | B7: 07:30 | C7: 10:00 | D7: Melakukan monitoring dan evaluasi kinerja pegawai | E7: Isi Catatan | F7: =VLOOKUP(Table1[[#This Row],[Aktivitas]],ref_activity!$A$2:$B$31,2,FALSE) -> 1108 | G7: 1 | H7: =VLOOKUP(Table1[[#This Row],[Aktivitas]],ref_activity!$A$2:$C$31,3,FALSE) -> Kegiatan
A8: 14/04/2026 | B8: 10:01 | C8: 12:00 | D8: Memverifikasi dan memparaf surat | E8: Isi Catatan | F8: =VLOOKUP(Table1[[#This Row],[Aktivitas]],ref_activity!$A$2:$B$31,2,FALSE) -> 4745 | G8: 1 | H8: =VLOOKUP(Table1[[#This Row],[Aktivitas]],ref_activity!$A$2:$C$31,3,FALSE) -> Kegiatan
A9: 14/04/2026 | B9: 13:00 | C9: 14:59 | D9: Memverifikasi dan memparaf surat | E9: Isi Catatan | F9: =VLOOKUP(Table1[[#This Row],[Aktivitas]],ref_activity!$A$2:$B$31,2,FALSE) -> 4745 | G9: 1 | H9: =VLOOKUP(Table1[[#This Row],[Aktivitas]],ref_activity!$A$2:$C$31,3,FALSE) -> Kegiatan
A10: 14/04/2026 | B10: 15:00 | C10: 16:47 | D10: Melakukan monitoring dan evaluasi kinerja pegawai | E10: Isi Catatan | F10: =VLOOKUP(Table1[[#This Row],[Aktivitas]],ref_activity!$A$2:$B$31,2,FALSE) -> 1108 | G10: 1 | H10: =VLOOKUP(Table1[[#This Row],[Aktivitas]],ref_activity!$A$2:$C$31,3,FALSE) -> Kegiatan
A11: 15/04/2026 | B11: 07:23 | C11: 12:00 | D11: Rapat koordinasi | E11: Isi Catatan | F11: =VLOOKUP(Table1[[#This Row],[Aktivitas]],ref_activity!$A$2:$B$31,2,FALSE) -> 5410 | G11: 1 | H11: =VLOOKUP(Table1[[#This Row],[Aktivitas]],ref_activity!$A$2:$C$31,3,FALSE) -> Kegiatan
A12: 15/04/2026 | B12: 13:00 | C12: 15:00 | D12: Memverifikasi dan memparaf surat | E12: Isi Catatan | F12: =VLOOKUP(Table1[[#This Row],[Aktivitas]],ref_activity!$A$2:$B$31,2,FALSE) -> 4745 | G12: 1 | H12: =VLOOKUP(Table1[[#This Row],[Aktivitas]],ref_activity!$A$2:$C$31,3,FALSE) -> Kegiatan
A13: 15/04/2026 | B13: 15:01 | C13: 18:32 | D13: Melakukan monitoring dan evaluasi kinerja pegawai | E13: Isi Catatan | F13: =VLOOKUP(Table1[[#This Row],[Aktivitas]],ref_activity!$A$2:$B$31,2,FALSE) -> 1108 | G13: 1 | H13: =VLOOKUP(Table1[[#This Row],[Aktivitas]],ref_activity!$A$2:$C$31,3,FALSE) -> Kegiatan
... A19: 17/04/2026 | B19: 15:00 | C19: 16:30 | D19: Melakukan monitoring dan evaluasi kinerja pegawai | E19: Isi Catatan | F19: =VLOOKUP(Table1[[#This Row],[Aktivitas]],ref_activity!$A$2:$B$31,2,FALSE) -> 1108 | G19: 1 | H19: =VLOOKUP(Table1[[#This Row],[Aktivitas]],ref_activity!$A$2:$C$31,3,FALSE) -> Kegiatan

Sheet ref_activity
A1: Nama | B1: IDE | C1: Satuan
A2: Mengikuti Apel pagi/sore | B2: 4802 | C2: Kegiatan
A3: Dokumentasi Kegiatan | B3: 6621 | C3: Kegiatan
A4: koordinasi dengan instansi lain | B4: 7924 | C4: Kegiatan
A5: administrasi kepegawaian | B5: 6540 | C5: Data
A6: Melakukan Perjalanan Dinas Luar Daerah | B6: 3080 | C6: Kegiatan
A7: Briefing | B7: 8117 | C7: Kegiatan
A8: Mengikuti diklat/bimtek/workshop/kursus | B8: 5729 | C8: Kegiatan
A9: Melaksanakan kegiatan | B9: 6866 | C9: Kegiatan
A10: Menghadiri pelantikan jabatan | B10: 5609 | C10: Kegiatan
A11: mengaji | B11: 7542 | C11: Kegiatan
A12: Menerima Laporan | B12: 4768 | C12: Kegiatan
A13: Mengikuti Upacara | B13: 6920 | C13: Kegiatan
... A31: memberikan arahan/petunjuk | B31: 7933 | C31: laporan

Sheet rumus tanggal
A2: Senin, 13-04-2026 | B2: 07:23 | C2: 16:51 | F2: - | G2: =TEXT((RIGHT(A2,10)),"dd/mm/yyyy") -> 13/04/2026 | H2: =LEFT(B2,2)&":"&TEXT(MID(B2,4,2)+1,"00") -> 07:24 | I2: =LEFT(C2,5) -> 16:51
A3: Selasa, 14-04-2026 | B3: 07:29 | C3: 16:47 | F3: - | G3: =TEXT((RIGHT(A3,10)),"dd/mm/yyyy") -> 14/04/2026 | H3: =LEFT(B3,2)&":"&TEXT(MID(B3,4,2)+1,"00") -> 07:30 | I3: =LEFT(C3,5) -> 16:47
A4: Rabu, 15-04-2026 | B4: 07:22 | C4: 18:32 | F4: - | G4: =TEXT((RIGHT(A4,10)),"dd/mm/yyyy") -> 15/04/2026 | H4: =LEFT(B4,2)&":"&TEXT(MID(B4,4,2)+1,"00") -> 07:23 | I4: =LEFT(C4,5) -> 18:32
A5: Kamis, 16-04-2026 | B5: 07:20 | C5: 16:48 | F5: - | G5: =TEXT((RIGHT(A5,10)),"dd/mm/yyyy") -> 16/04/2026 | H5: =LEFT(B5,2)&":"&TEXT(MID(B5,4,2)+1,"00") -> 07:21 | I5: =LEFT(C5,5) -> 16:48
A6: Jumat, 17-04-2026 | B6: 07:13 | C6: 16:30 | F6: - | G6: =TEXT((RIGHT(A6,10)),"dd/mm/yyyy") -> 17/04/2026 | H6: =LEFT(B6,2)&":"&TEXT(MID(B6,4,2)+1,"00") -> 07:14 | I6: =LEFT(C6,5) -> 16:30
A7: Senin, 08-12-2025 | B7: 07:55 | C7: 16:44 | F7: - | G7: =TEXT((RIGHT(A7,10)),"dd/mm/yyyy") -> 08/12/2025 | H7: =LEFT(B7,2)&":"&TEXT(MID(B7,4,2)+1,"00") -> 07:56 | I7: =LEFT(C7,5) -> 16:44
A8: Selasa, 09-12-2025 | B8: 08:08 | C8: 17:45 | F8: - | G8: =TEXT((RIGHT(A8,10)),"dd/mm/yyyy") -> 09/12/2025 | H8: =LEFT(B8,2)&":"&TEXT(MID(B8,4,2)+1,"00") -> 08:09 | I8: =LEFT(C8,5) -> 17:45
A9: Rabu, 10-12-2025 | B9: 06:58 | C9: 18:58 | F9: - | G9: =TEXT((RIGHT(A9,10)),"dd/mm/yyyy") -> 10/12/2025 | H9: =LEFT(B9,2)&":"&TEXT(MID(B9,4,2)+1,"00") -> 06:59 | I9: =LEFT(C9,5) -> 18:58
A10: Kamis, 11-12-2025 | B10: 06:55 | C10: 17:00 | F10: - | G10: =TEXT((RIGHT(A10,10)),"dd/mm/yyyy") -> 11/12/2025 | H10: =LEFT(B10,2)&":"&TEXT(MID(B10,4,2)+1,"00") -> 06:56 | I10: =LEFT(C10,5) -> 17:00
A11: Jumat, 12-12-2025 | B11: 07:28 | C11: 16:35 | G11: =TEXT((RIGHT(A11,10)),"dd/mm/yyyy") -> 12/12/2025 | H11: =LEFT(B11,2)&":"&TEXT(MID(B11,4,2)+1,"00") -> 07:29 | I11: =LEFT(C11,5) -> 16:35
A12: Senin, 15-12-2025 | B12: 08:45 | C12: 16:33 | G12: =TEXT((RIGHT(A12,10)),"dd/mm/yyyy") -> 15/12/2025 | H12: =LEFT(B12,2)&":"&TEXT(MID(B12,4,2)+1,"00") -> 08:46 | I12: =LEFT(C12,5) -> 16:33
A13: Selasa, 16-12-2025 | B13: 07:50 | C13: 18:18 | G13: =TEXT((RIGHT(A13,10)),"dd/mm/yyyy") -> 16/12/2025 | H13: =LEFT(B13,2)&":"&TEXT(MID(B13,4,2)+1,"00") -> 07:51 | I13: =LEFT(C13,5) -> 18:18
A14: Rabu, 17-12-2025 | B14: 09:57 | C14: 16:12 | G14: =TEXT((RIGHT(A14,10)),"dd/mm/yyyy") -> 17/12/2025 | H14: =LEFT(B14,2)&":"&TEXT(MID(B14,4,2)+1,"00") -> 09:58 | I14: =LEFT(C14,5) -> 16:12
A15: Kamis, 18-12-2025 | B15: 07:15 | C15: 17:32 | G15: =TEXT((RIGHT(A15,10)),"dd/mm/yyyy") -> 18/12/2025 | H15: =LEFT(B15,2)&":"&TEXT(MID(B15,4,2)+1,"00") -> 07:16 | I15: =LEFT(C15,5) -> 17:32
A16: Jumat, 19-12-2025 | B16: 08:20 | C16: 17:15 | G16: =TEXT((RIGHT(A16,10)),"dd/mm/yyyy") -> 19/12/2025 | H16: =LEFT(B16,2)&":"&TEXT(MID(B16,4,2)+1,"00") -> 08:21 | I16: =LEFT(C16,5) -> 17:15
A17: Senin, 22-12-2025 | B17: 07:59 | C17: 18:45 | G17: =TEXT((RIGHT(A17,10)),"dd/mm/yyyy") -> 22/12/2025 | H17: =LEFT(B17,2)&":"&TEXT(MID(B17,4,2)+1,"00") -> 07:60 | I17: =LEFT(C17,5) -> 18:45
A18: Selasa, 23-12-2025 | B18: 08:40 | C18: 19:16 | G18: =TEXT((RIGHT(A18,10)),"dd/mm/yyyy") -> 23/12/2025 | H18: =LEFT(B18,2)&":"&TEXT(MID(B18,4,2)+1,"00") -> 08:41 | I18: =LEFT(C18,5) -> 19:16
A19: Rabu, 24-12-2025 | B19: 08:00 | C19: 17:40 | G19: =TEXT((RIGHT(A19,10)),"dd/mm/yyyy") -> 24/12/2025 | H19: =LEFT(B19,2)&":"&TEXT(MID(B19,4,2)+1,"00") -> 08:01 | I19: =LEFT(C19,5) -> 17:40
A20: Senin, 29-12-2025 | B20: 08:14 | C20: 18:51 | G20: =TEXT((RIGHT(A20,10)),"dd/mm/yyyy") -> 29/12/2025 | H20: =LEFT(B20,2)&":"&TEXT(MID(B20,4,2)+1,"00") -> 08:15 | I20: =LEFT(C20,5) -> 18:51
A21: Selasa, 30-12-2025 | B21: 08:09 | C21: 16:54 | G21: =TEXT((RIGHT(A21,10)),"dd/mm/yyyy") -> 30/12/2025 | H21: =LEFT(B21,2)&":"&TEXT(MID(B21,4,2)+1,"00") -> 08:10 | I21: =LEFT(C21,5) -> 16:54
A22: Rabu, 31-12-2025 | B22: 07:15 | C22: 17:32 | G22: =TEXT((RIGHT(A22,10)),"dd/mm/yyyy") -> 31/12/2025 | H22: =LEFT(B22,2)&":"&TEXT(MID(B22,4,2)+1,"00") -> 07:16 | I22: =LEFT(C22,5) -> 17:32
A24: Senin, 13-04-2026 | B24: 07:23 | C24: 16:51 | H24: -
A25: Selasa, 14-04-2026 | B25: 07:29 | C25: 16:47 | H25: -
A26: Rabu, 15-04-2026 | B26: 07:22 | C26: 18:32 | H26: -
A27: Kamis, 16-04-2026 | B27: 07:20 | C27: 16:48 | H27: -
A28: Jumat, 17-04-2026 | B28: 07:13 | C28: 16:30
